{
    "avg_prec": 0.544527485563318,
    "roc_auc": 0.9353336578933245
}